created_at,source,target
2020-12-30,PapaPapag1954,LewisECFC
2020-12-30,PapaPapag1954,Kes1977
2020-12-30,PapaPapag1954,herotroyippygod
2020-12-30,PapaPapag1954,GlobeSentinels
2020-12-30,PapaPapag1954,JP__1872
2020-12-30,PapaPapag1954,SkyNewsBreak
2020-12-30,HsarafattoHogan,davidmcw
2020-12-30,hunter_1st,PeterSchiff
2020-12-30,Deanmufc77,ecb
2020-12-30,Deanmufc77,finanzfluss
2020-12-30,Callme_Marie_,LegendaryEnergy
2020-12-30,agravin,PAYALROHATGI26
2020-12-30,agravin,ibhagwa_n
2020-12-30,agravin,Anjali1599
2020-12-30,agravin,aashi_871
2020-12-30,BurseShantez,JimboSamso
2020-12-30,BurseShantez,CNBCJou
2020-12-30,VirgoeAstraea,aurinisasleep
2020-12-30,VirgoeAstraea,mynameisj0j0
2020-12-30,Sherloc98788726,LeftKisses
2020-12-30,Sherloc98788726,RealMarkLatham
2020-12-30,iantheblade,HumzaYousaf
2020-12-30,Javier60154518,VTVcanal8
2020-12-30,BringCon,Stevitski
2020-12-30,BringCon,CryptoMichNL
2020-12-30,frull27,CityNewsOttawa
2020-12-30,saleem14dxb,IvanOnTech
2020-12-30,chaoticficus,scoopstroop
2020-12-30,VixenTheSexyFox,Blueypony2001
2020-12-30,KnoxieLuv,semptyrannis
2020-12-30,KnoxieLuv,JordanSchachtel
2020-12-30,PostModMarkets,CoinDesk
2020-12-30,PostModMarkets,GenesisTrading
2020-12-30,PostModMarkets,AsILayHodling
2020-12-30,Elenai88,intheMatrixxx
2020-12-30,Elenai88,VincentCrypt46
2020-12-30,Elenai88,DanScavino
2020-12-30,Elenai88,CodeMonkeyZ
2020-12-30,Elenai88,ODDMQNSTER
2020-12-29,Elenai88,55true4u
2020-12-30,Elenai88,DanScavino
2020-12-30,Elenai88,dougducey
2020-12-30,Elenai88,Scarpinato
2020-12-30,cryptosvet_si,hackenclub
2020-12-30,cryptosvet_si,Oracle
2020-12-30,cryptosvet_si,Inheriti_com
2020-12-30,cryptosvet_si,SafeHavenio
2020-12-30,Reddevilsunite5,FbiTrader
2020-12-30,Reddevilsunite5,McBrideAce
2020-12-30,Reddevilsunite5,SorareHQ
2020-12-30,Alexjam04365546,SmartCryptoNew1
2020-12-30,Alexjam04365546,Bibox365
2020-12-30,Alexjam04365546,Bibox365
2020-12-30,NanoZaida,kofi_button
2020-12-30,ohaiom,jchervinsky
2020-12-30,ohaiom,BitGo
2020-12-30,Mzlianne,papa_kwadwo
2020-12-30,Mzlianne,harry_specter
2020-12-30,oteikwu16,Chudyn_
2020-12-30,oteikwu16,Mbotman0079
2020-12-30,oteikwu16,Collins24055429
2020-12-30,oteikwu16,firstladyship
2020-12-30,oteikwu16,hand2ome
2020-12-30,oteikwu16,Cadoo_Official
2020-12-30,oteikwu16,ayabachi
2020-12-30,oteikwu16,Kim__Leee
2020-12-30,oteikwu16,Mbotman0079
2020-12-30,oteikwu16,ImportedAlhaji
2020-12-30,oteikwu16,Naija_PR
2020-12-30,oteikwu16,dizotrizoUg
2020-12-30,oteikwu16,olayekimberly
2020-12-30,oteikwu16,Wet_Wizkid
2020-12-30,oteikwu16,wolexz_tricks
2020-12-30,oteikwu16,fundbaeng
2020-12-30,oteikwu16,ShehuZubair
2020-12-30,oteikwu16,MichaelWatch_
2020-12-30,oteikwu16,Mbotman0079
2020-12-30,oteikwu16,albbany21
2020-12-30,oteikwu16,Collins24055429
2020-12-30,oteikwu16,MichaelWatch_
2020-12-30,oteikwu16,Mbotman0079
2020-12-30,oteikwu16,olanrewajuola96
2020-12-30,oteikwu16,instablog9ja
2020-12-30,EmochNakno,SexyJess___
2020-12-30,EmochNakno,InteSosseSe
2020-12-30,EmochNakno,Expressen
2020-12-30,Keithkadima,WaihigaMwaura
2020-12-30,TyTrim,marcuslemonis
2020-12-30,bsozen,RealVision
2020-12-30,Unknowing_Plum,stormis_us
2020-12-27,ooohdannyboy,KellyQuilt
2020-12-27,ooohdannyboy,vanessaazahar
2020-12-30,ooohdannyboy,JonathanRiffman
2020-12-30,ooohdannyboy,CivilityW
2020-12-30,ooohdannyboy,sonofr
2020-12-25,ooohdannyboy,jackmullion
2020-12-25,ooohdannyboy,YorkshireLady3
2020-12-25,ooohdannyboy,BarrySheerman
2020-12-25,ooohdannyboy,BBCNews
2020-12-27,Suspiria91,redditSpacePorn
2020-12-30,Suspiria91,elonmusk
2020-12-30,Suspiria91,elonmusk
2020-12-30,Suspiria91,SpacecoinSPACE
2020-12-27,Suspiria91,naval
2020-12-27,Suspiria91,wonderofscience
2020-12-30,Suspiria91,elonmusk
2020-12-30,Suspiria91,Tesmanian_com
2020-12-30,Suspiria91,elonmusk
2020-12-30,Suspiria91,SpacecoinSPACE
2020-12-30,Suspiria91,elonmusk
2020-12-30,Suspiria91,elonmusk
2020-12-30,Suspiria91,SpacecoinSPACE
2020-12-30,irisleyva_,escritoadictivo
2020-12-30,SandraWors3,allisonpearson
2020-12-30,comfy_123,lkzip13
2020-12-30,comfy_123,IAMaCreator21
2020-12-30,comfy_123,LandNoli
2020-12-30,scarce_assets,EbGood4
2020-12-30,scarce_assets,LukeGromen
2020-12-30,pngetich118,RussellOkung
2020-12-30,kakajusaiyou,YaoHL5
2020-12-30,kakajusaiyou,ZhaoHenan
2020-12-30,DeyeyeSeun,TheCryptoLark
2020-12-30,AfricaInst,EyobTolina
2020-12-30,AfricaInst,btaye
2020-12-30,AfricaInst,mihretum
2020-12-30,mariamarchena52,MorenoCrezz
2020-12-30,mariamarchena52,Mippcivzla
2020-12-30,mariamarchena52,NicolasMaduro
2020-12-30,mariamarchena52,aspeaker66
2020-12-30,mariamarchena52,Nicols613
2020-12-30,mariamarchena52,dcabellor
2020-12-30,colony_rant,Johnemonroe
2020-12-30,colony_rant,alainouellet939
2020-12-30,colony_rant,PierrePoilievre
2020-12-30,colony_rant,giblets_s
2020-12-30,colony_rant,Hmmm11238
2020-12-30,cryptoninjatech,brucefenton
2020-12-30,cryptoninjatech,JpThieriot
2020-12-30,cryptoninjatech,Ripple
2020-12-30,JaybayCraig,mbrodkorb
2020-12-30,JaybayCraig,ADMN_Minnesota
2020-12-30,JaybayCraig,GovTimWalz
2020-12-30,juanDominic3,binance
2020-12-30,juanDominic3,Farhankens
2020-12-30,juanDominic3,gandoes3
2020-12-30,juanDominic3,tabah_rafli
2020-12-30,juanDominic3,CahyoSuseno9
2020-12-30,juanDominic3,adiska72365585
2020-12-29,juanDominic3,binance
2020-12-30,Haidz1629,DexDigest
2020-12-30,Haidz1629,Bibox365
2020-12-30,Haidz1629,Bibox365
2020-12-30,purepatriot78,realDonaldTrump
2020-12-30,MrSalvenStadl,HBiggus
2020-12-30,Syed_VIP07,deba215
2020-12-30,Syed_VIP07,NischalShetty
2020-12-30,Syed_VIP07,WazirXIndia
2020-12-30,Syed_VIP07,NischalShetty
2020-12-30,Syed_VIP07,WazirXIndia
2020-12-30,amitcalm,WeekendInvestng
2020-12-30,saif143sb,SHABAZGIL
2020-12-30,sanjayxrp,Joeself777
2020-12-30,sanjayxrp,ded0n1s
2020-12-30,sanjayxrp,GonzoXrp
2020-12-30,sanjayxrp,Joeself777
2020-12-30,sanjayxrp,ded0n1s
2020-12-30,sanjayxrp,GonzoXrp
2020-12-30,Yuppie89375256,KristenMeghan
2020-12-30,Yuppie89375256,RussellOkung
2020-12-30,Yuppie89375256,100trillionUSD
2020-12-30,Yuppie89375256,RussellOkung
2020-12-30,Yuppie89375256,bitcoinzay
2020-12-30,Patrick64978404,DavidJollyFL
2020-12-30,Patrick64978404,HStvNews
2020-12-30,Patrick64978404,bbmhlanga
2020-12-30,Patrick64978404,ProfMadhuku
2020-12-30,Patrick64978404,DrThoko_Khupe
2020-12-30,Patrick64978404,DMwonzora
2020-12-30,Patrick64978404,TatsNewton_
2020-12-30,Patrick64978404,Government_Zim
2020-12-30,Patrick64978404,allanhjamez
2020-12-30,T_R_I_U_M_P_H,saxena_puru
2020-12-28,T_R_I_U_M_P_H,saxena_puru
2020-12-28,T_R_I_U_M_P_H,cperruna
2020-12-28,T_R_I_U_M_P_H,YouTube
2020-12-30,OrangedPilled,GregMannarino
2020-12-30,jacobnu89395872,P4tR10tBoo
2020-12-30,mclarry02,donaldyip
2020-12-30,Voluspaseer,simondolan
2020-12-30,Somedumbgui,Bitcoin
2020-12-30,DJS13765202,MPIainDS
2020-12-30,DJS13765202,BorisJohnson
2020-12-30,Jhadj_OriGin8or,Wally584
2020-12-30,Jhadj_OriGin8or,PeterSchiff
2020-12-28,Jhadj_OriGin8or,PeterSchiff
2020-12-30,JefHill1,nowthisnews
2020-12-30,JefHill1,GretaThunberg
2020-12-30,jaguirre390,Santiag78758327
2020-12-30,jaguirre390,rohangrey
2020-12-30,jaguirre390,RealVision
2020-12-30,jaguirre390,Santiag78758327
2020-12-30,jaguirre390,rohangrey
2020-12-30,otwo123,PiCoreTeam
2020-12-30,jakethewhitefox,DrHeartlock
2020-12-30,michaelsherrill,B_REInvest
2020-12-30,DayTradingEdge,donkeysexshow
2020-12-30,ManUtd_21,kh_lfc13
2020-12-30,polarshelf,BankXRP
2020-12-30,millenial_red,KaliforniaTrump
2020-12-30,millenial_red,PepeNewsNow
2020-12-30,millenial_red,CodeMonkeyZ
2020-12-30,millenial_red,CindiWilliamss
2020-12-29,LightningDarkLD,konsTYtucJApl
2020-12-29,LightningDarkLD,MatthewJshow
2020-12-29,LightningDarkLD,realDonaldTrump
2020-12-29,LightningDarkLD,BreitbartNews
2020-12-30,kitjeantambo,AllianceXrp
2020-12-29,Demiurgon,JorgeStolfi
2020-12-29,loveislovebaby,Demo2020cracy
2020-12-29,rossieeO97,FY_FESS
2020-12-28,EUbrainwashing,DrHoenderkamp
2020-12-28,EUbrainwashing,Ali79596850
2020-12-28,EUbrainwashing,ronbodi
2020-12-28,EUbrainwashing,danwootton
2020-12-30,EUbrainwashing,fsb_policy
2020-12-30,EUbrainwashing,MMcTagueFSB
2020-12-30,EUbrainwashing,SkyNews
2020-12-30,EUbrainwashing,FSB
2020-12-29,EUbrainwashing,mike_lucullus
2020-12-29,EUbrainwashing,calling_podcast
2020-12-29,EUbrainwashing,JamesDelingpole
2020-12-29,EUbrainwashing,toadmeister
2020-12-28,EUbrainwashing,Catchthewind7
2020-12-28,EUbrainwashing,BlackEyedPurple
2020-12-28,EUbrainwashing,DavidSh95669186
2020-12-30,EUbrainwashing,PaulSkyrme
2020-12-30,EUbrainwashing,fsb_policy
2020-12-30,EUbrainwashing,MMcTagueFSB
2020-12-30,EUbrainwashing,SkyNews
2020-12-28,EUbrainwashing,AliHaggett
2020-12-28,EUbrainwashing,WindsorBlade76
2020-12-28,EUbrainwashing,dad_liams
2020-12-30,EUbrainwashing,NwoArchive
2020-12-29,EUbrainwashing,cheekylatte
2020-12-29,EUbrainwashing,mike_lucullus
2020-12-29,EUbrainwashing,calling_podcast
2020-12-29,EUbrainwashing,JamesDelingpole
2020-12-29,EUbrainwashing,toadmeister
2020-12-28,EUbrainwashing,RealJayParker1
2020-12-28,EUbrainwashing,YouTube
2020-12-29,N8476301n,goldseek
2020-12-30,jpscasteras,RichardRubinDC
2020-12-30,jpscasteras,EconCharlie
2020-12-30,Ben_Jamin_Ball,Neloangelo314
2020-12-30,MyCryptocurren1,presentlyMihai
2020-12-30,MyCryptocurren1,purely_crypto
2020-12-30,MyCryptocurren1,Mikey1014G
2020-12-30,MyCryptocurren1,NeerajKA
2020-12-30,MyCryptocurren1,elonmusk
2020-12-30,MyCryptocurren1,TonyRobbins
2020-12-30,fahmifan173,Chrstn_dlcrzz
2020-12-30,fahmifan173,doremifauzi
2020-12-29,MichaelCosa,MikeHun90984939
2020-12-29,ricercata1,VixL
2020-12-29,katie_saphire,seanhannity
2020-12-29,TCyberpunk,AstronautCoin
2020-12-29,UcG_kilo,Hk67027409
2020-12-29,UcG_kilo,realchasegeiser
2020-12-29,UcG_kilo,EmeraldRobinson
2020-12-30,diegoosouzadg,caualoopes_
2020-12-29,MuatPaul,RussellOkung
2020-12-29,manbeachproject,RaoulGMI
2020-12-29,manbeachproject,twobitidiot
2020-12-29,manbeachproject,BanklessHQ
2020-12-29,manbeachproject,balajis
2020-12-29,stayforjames,gonixhun
2020-12-30,Breezybree270,BarcombRuss
2020-12-30,Breezybree270,RussellOkung
2020-12-30,CariCrypto,RussellOkung
2020-12-29,JebbettJibbitt,davidkurten
2020-12-29,dadoudu14600,247LC
2020-12-30,s1ndome,RussellOkung
2020-12-30,BtrClngrUBetcha,dbongino
2020-12-29,leighhub,marklutchman
2020-12-29,DbWrasslin,EyesOnTheRight
2020-12-29,DbWrasslin,MikeStuchbery_
2020-12-29,MackAttackXRP,SEC_Investor_Ed
2020-12-29,MackAttackXRP,SEC_News
2020-12-29,PoloBearLaFlare,BleacherReport
2020-12-29,PoloBearLaFlare,brgridiron
2020-12-29,vernonkelliott,RussellOkung
2020-12-29,Azmobilewelders,MSNBC
2020-12-29,DavidHypes4,Jim_Jordan
2020-12-29,Adytalks,MikeStuchbery_
2020-12-29,Adytalks,peterjukes
2020-12-29,whitecarz,ramonagusta
2020-12-27,iamlisakirk,Bobbert69572732
2020-12-27,iamlisakirk,jasonhu10530544
2020-12-29,iamlisakirk,RussellOkung
2020-12-29,darrenrrrrr,hussmanjp
2020-12-29,darrenrrrrr,albertedwards99
2020-12-29,darrenrrrrr,MarketWatch
2020-12-29,The_Moccasin_,PatPenn2
2020-12-29,The_Moccasin_,EnemyOfTheLeft
2020-12-29,The_Moccasin_,FoundinNV
2020-12-29,The_Moccasin_,Lady2018Cat
2020-12-29,The_Moccasin_,nfulmer0827
2020-12-29,The_Moccasin_,jessjackie50
2020-12-29,The_Moccasin_,DonnaWR8
2020-12-29,The_Moccasin_,marylene58
2020-12-29,The_Moccasin_,BriteEyes8
2020-12-29,The_Moccasin_,Easterndmondbk
2020-12-29,The_Moccasin_,P8riot_1776
2020-12-29,The_Moccasin_,FreeLion7
2020-12-29,The_Moccasin_,walkawayAUS
2020-12-29,The_Moccasin_,BluehandRising
2020-12-29,The_Moccasin_,MsSpy007
2020-12-29,The_Moccasin_,GOP
2020-12-29,The_Moccasin_,RealJamesWoods
2020-12-29,The_Moccasin_,realDonaldTrump
2020-12-29,The_Moccasin_,TheDemocrats
2020-12-29,The_Moccasin_,anthonymentill4
2020-12-29,The_Moccasin_,OANN
2020-12-29,The_Moccasin_,JudgeJeanine
2020-12-29,The_Moccasin_,marklevinshow
2020-12-29,The_Moccasin_,GovMikeHuckabee
2020-12-29,The_Moccasin_,TomFitton
2020-12-29,The_Moccasin_,tedcruz
2020-12-29,The_Moccasin_,ThomTillis
2020-12-29,The_Moccasin_,FreeSpeechAmer
2020-12-29,ProBengrief,MikeStuchbery_
2020-12-29,cuipeixin,DA_Stockman
2020-12-29,jumpnjohosafats,RussellOkung
2020-12-29,q_critical,Bitboy_Crypto
2020-12-29,1way_xrp,GoldTelegraph_
2020-12-29,1way_xrp,GOLDKRYSTAL777
2020-12-29,jamestwilkinson,RMSurrogate2013
2020-12-29,jamestwilkinson,VibesIndian
2020-12-29,jamestwilkinson,s_alderoty
2020-12-29,leeser4,tuffy_sir
2020-12-29,leeser4,Sabdublindr
2020-12-29,EyesOnTheRight,MikeStuchbery_
2020-12-29,RuiExp,ecb
2020-12-29,RealJuviKing,UrbanCarz
2020-12-29,AlanBruuuuce,PeterMcCormack
2020-12-29,Shushuuu11,crypto_thai
2020-12-29,Shushuuu11,sci_finance
2020-12-29,deficit_the,MikeStuchbery_
2020-12-29,stay_eddie,princey1976
2020-12-29,stay_eddie,LynAldenContact
2020-12-29,stay_eddie,princey1976
2020-12-29,stay_eddie,LynAldenContact
2020-12-29,Jeffrey_Carrier,PHIGROUP
2020-12-29,AdrianBoarder,DHSCgovuk
2020-12-29,elijahagape,CoinMarketCap
2020-12-29,kat53_kate,boriquagato
2020-12-28,kat53_kate,CanAditude
2020-12-29,xrpSparky91011,Arturo_P_A
2020-12-29,xrpSparky91011,DiepSanh
2020-12-29,xrpSparky91011,Ripple
2020-12-29,xrpSparky91011,Arturo_P_A
2020-12-29,SeanBai32694893,BasicallyWalla1
2020-12-29,SeanBai32694893,ThickBttmBoi
2020-12-29,SeanBai32694893,eToroUS
2020-12-29,AdamSpragg,takokokokoo
2020-12-29,AdamSpragg,ScotPollard31
2020-12-29,AdamSpragg,RussellOkung
2020-12-29,Hinschy2,FairQuestions
2020-12-29,SauRoN_ZA,D4RKL1NG
2020-12-29,MartinAudley,SatoshiGainz
2020-12-29,FREDRICKBANDA2,NicholasTesla3
2020-12-29,FREDRICKBANDA2,LanChiTran3
2020-12-29,FREDRICKBANDA2,ChisengaKap
2020-12-29,rationallity,PeterSchiff
2020-12-29,WilhelmDerErste,philthatremains
2020-12-29,MikailuN,Rizkyalvan1
2020-12-29,MianZeeshanSha9,GhulamHusainPK
2020-12-29,MianZeeshanSha9,SanaSayemRao
2020-12-29,MianZeeshanSha9,junaidsalim_
2020-12-29,alexzpansza,TheHannSolo
2020-12-29,XGAMMA999,KremlinRussia_E
2020-12-29,XGAMMA999,NicolasMaduro
2020-12-29,XGAMMA999,DiazCanelB
2020-12-29,XGAMMA999,NorthKoreaDPRK
2020-12-29,XGAMMA999,KCNA_KoreanNews
2020-12-29,XGAMMA999,DiazCanelB
2020-12-29,XGAMMA999,NicolasMaduro
2020-12-29,XGAMMA999,NorthKoreaDPRK
2020-12-29,XGAMMA999,dprknow1
2020-12-29,XGAMMA999,KCNA_KoreanNews
2020-12-29,XGAMMA999,NorthKoreaDPRK
2020-12-29,XGAMMA999,DiazCanelB
2020-12-29,XGAMMA999,misskimpyongya1
2020-12-29,XGAMMA999,NicolasMaduro
2020-12-29,XGAMMA999,KCNAWatch
2020-12-29,XGAMMA999,KCNA_KoreanNews
2020-12-29,XGAMMA999,dprknow1
2020-12-29,XGAMMA999,next_china
2020-12-29,XGAMMA999,XinhuaChinese
2020-12-29,XGAMMA999,ChinaPlusNews
2020-12-29,XGAMMA999,SCS_news
2020-12-29,XGAMMA999,ChinaPowerCSIS
2020-12-29,6lxck_kidd,balajis
2020-12-29,Tayyab447,PiCoreTeam
2020-12-29,Tayyab447,CryptoAdventure
2020-12-29,Tayyab447,cakedefi
2020-12-29,jimdelisle,DiepSanh
2020-12-29,jimdelisle,profplum99
2020-12-29,ahmad16581786,nano
2020-12-29,ahmad16581786,nano
2020-12-29,ahmad16581786,nano
2020-12-29,nicole_nolte,vegan_mega
2020-12-29,nicole_nolte,garethicke
2020-12-29,ChauahnHarsh,Rizkyalvan1
2020-12-29,Franco00546056,BlackVerdu
2020-12-29,SierraLegacy,amitmehra48
2020-12-29,SierraLegacy,SEC
2020-12-29,AnonymousRabbi2,digitalassetbuy
2020-12-29,khwajaf,PakPMO
2020-12-29,khwajaf,ImranKhanPTI
2020-12-29,BlacklionCTA,Alexandernewry
2020-12-29,BlacklionCTA,TerryWitterBTC
2020-12-29,BlacklionCTA,SantiagoAuFund
2020-12-29,gandoes3,binance
2020-12-29,Sold_Wife_4_BTC,Ben__Rickert
2020-12-29,MAEHusseini,RandGhayad
2020-12-29,MAEHusseini,BDL_Lebanon
2020-12-29,MAEHusseini,BaasiriMuhammad
2020-12-29,BillKronoss,Frances76360935
2020-12-29,BillKronoss,MichaelYeadon3
2020-12-29,BillKronoss,ClareCraigPath
2020-12-29,mopeng,File411
2020-12-29,jpsc01,Alex_Hxrrison
2020-12-29,jpsc01,GoingParabolic
2020-12-29,4lphaM4le,garrytan
2020-12-29,felix9918,TiceRichard
2020-12-29,Sdavis8,wlbritton
2020-12-29,Sdavis8,chigrl
2020-12-29,RudyKnaflic,Entrepreneur
2020-12-29,RudyKnaflic,e_inbound
2020-12-29,Kalaiva89360959,Rizkyalvan1
2020-12-29,masarwah4,JacobRothfield
2020-12-29,masarwah4,GeorgeGammon
2020-12-29,s2ndcuz,RussellOkung
2020-12-29,RippleXeffect,CharlesShamp
2020-12-29,akmmkb,chigrl
2020-12-29,ProgressIbrahim,Bitcoin
2020-12-29,Freecry15055430,Rizkyalvan1
2020-12-29,EarthwormJim24,SF_SEC
2020-12-29,ivrione,AnneComics
2020-12-29,AndrejMezan,squawksquare
2020-12-29,roark183,PeterSchiff
2020-12-29,roark183,SchiffGold
2020-12-26,roark183,Crypt0doc
2020-12-26,roark183,GOLDCOUNCIL
2020-12-27,roark183,Crypt0doc
2020-12-27,roark183,GOLDCOUNCIL
2020-12-29,KathleenBasse17,RepChrisStewart
2020-12-28,proverbsmusics,realDonaldTrump
2020-12-29,kelseyhightower,Karl_Yogi_Xu
2020-12-29,kelseyhightower,ipmonger
2020-12-29,Panzerfrank,MrMaitra
2020-12-29,Panzerfrank,PaolaSubacchi
2020-12-29,WorkWithChina1,wrfg_rap
2020-12-29,WorkWithChina1,anyaparampil
2020-12-28,ThomasSeanLai1,X__Anderson
2020-12-28,BarbaryBard,SatireWorks
2020-12-28,BarbaryBard,ihatethemedia
2020-12-29,NuffNonsense,cherylboruszko
2020-12-28,ultakachua,chigrl
2020-12-29,alexjohnward,wisewizzz
2020-12-29,alexjohnward,1MightBePenguin
2020-12-29,alexjohnward,barackomaba
2020-12-29,alexjohnward,MartinAudley
2020-12-29,alexjohnward,MarcFalzon
2020-12-29,alexjohnward,patrickluberus
2020-12-29,KenMorr62214189,Koleyayyc
2020-12-27,kringle1991,FilipinoElnMusk
2020-12-27,kringle1991,JackPosobiec
2020-12-29,kringle1991,Brian_Riedl
2020-12-29,kringle1991,RealSaavedra
2020-12-29,ric_pickle,burner19836
2020-12-29,ric_pickle,JackHar10524114
2020-12-29,ric_pickle,RealAPolitics
2020-12-28,JafariMassoumeh,bycocoricos
2020-12-29,FASTchu03,BLACKPINKGLOBAL
2020-12-29,FASTchu03,BLACKPINK
2020-12-28,EllisSm77336657,KelemenCari
2020-12-29,schoenrock_zach,monetaryimpact
2020-12-29,schoenrock_zach,GoldTelegraph_
2020-12-28,0xVoyta,ercwl
2020-12-28,Emmanuel190417,coinbase
2020-12-28,Emmanuel190417,CoinbaseSupport
2020-12-28,AlbiKociu,nateliason
2020-12-29,CyphasB,NeblioF
2020-12-29,Karl_Yogi_Xu,kelseyhightower
2020-12-29,Karl_Yogi_Xu,ipmonger
2020-12-29,Lisa_DenUp,Twitrwritter1
2020-12-29,Lisa_DenUp,doqholliday
2020-12-29,Wiliverpooll,therunningman37
2020-12-29,Wiliverpooll,odabracle
2020-12-29,Wiliverpooll,zerohedge
2020-12-29,BroTru7,re5iGam
2020-12-29,Cap_Ton,xrp_mami
2020-12-29,Cap_Ton,thebearablebull
2020-12-28,BusterJames15,AnneMar45451941
2020-12-28,BusterJames15,Bee42681881
2020-12-29,CF_Poet,QE2TheMoon
2020-12-29,CF_Poet,FinanceLancelot
2020-12-29,CF_Poet,SantiagoAuFund
2020-12-29,DIEF0RTHEHYPE,Harry_Styles
2020-12-28,HamidRowaihy,SEC_News
2020-12-28,HamidRowaihy,BankXRP
2020-12-28,spxstar99,smartertrader
2020-12-28,spxstar99,smartertrader
2020-12-29,Saramansourxx,J_Sliice
2020-12-29,BGM2021,DiepSanh
2020-12-29,_animal_spirits,MuadGrumps
2020-12-29,_animal_spirits,ttmygh
2020-12-29,_animal_spirits,AitkenAdvisors
2020-12-29,_animal_spirits,fleckcap
2020-12-29,sithu452000,News1Lead
2020-12-28,723Banned,nowthisnews
2020-12-29,luisAntonio2139,TrigoTristan
2020-12-28,Sentinel_Nhan,chigrl
2020-12-29,litecoin_bull,PelosiIsALiar
2020-12-29,litecoin_bull,Twintime7
2020-12-29,litecoin_bull,timberowl
2020-12-28,JimForsythe5,LukeGromen
2020-12-28,JimForsythe5,AfurKnox
2020-12-28,pikell_,JesperDavidsen1
2020-12-28,pikell_,saxena_puru
2020-12-28,BobMinor13,theDuTCHii
2020-12-28,BobMinor13,J_Charles41
2020-12-28,BobMinor13,R6Noob_
2020-12-28,BobMinor13,mmpadellan
2020-12-28,BobMinor13,cjk002
2020-12-28,timadewuyiy,katieeperry
2020-12-28,PiNetworkIndia3,Sukdeb18473900
2020-12-28,PiNetworkIndia3,Stylish24104449
2020-12-28,PiNetworkIndia3,ShivanandaMR1
2020-12-28,PiNetworkIndia3,Shubham28455188
2020-12-28,PiNetworkIndia3,Banty33987380
2020-12-28,ZizweMabece,freanky4fingers
2020-12-28,ZizweMabece,JiemalArtican
2020-12-28,ZizweMabece,lefamorobe
2020-12-28,ZizweMabece,BonokwakheK
2020-12-28,ZizweMabece,HermanMashaba
2020-12-28,ZizweMabece,tito_mboweni
2020-12-28,DSyuura,binance
2020-12-28,SolveExistence,zndtoshi
2020-12-28,SolveExistence,LukeGromen
2020-12-28,SolveExistence,fattygustave
2020-12-28,SolveExistence,RichardHastie
2020-12-28,SolveExistence,btcbraj
2020-12-28,SolveExistence,BaldBitcoin
2020-12-28,krishnan314159,harshmadhusudan
2020-12-28,JeremyH67433698,OrtaineDevian
2020-12-28,JeremyH67433698,freezebrand44
2020-12-28,JeremyH67433698,TPP_of_Suffolk
2020-12-28,JeremyH67433698,FedupAm48219051
2020-12-28,JeremyH67433698,WalkingSeaWater
2020-12-28,JeremyH67433698,RaeAnon
2020-12-28,JeremyH67433698,KatMo_92
2020-12-28,JeremyH67433698,MissesJ3
2020-12-28,JeremyH67433698,kekiweon
2020-12-28,JeremyH67433698,lenlucas46
2020-12-28,JeremyH67433698,HB04920973
2020-12-28,JeremyH67433698,MVineyardFarmer
2020-12-28,JeremyH67433698,robot_rocker
2020-12-28,JeremyH67433698,Wecando86155063
2020-12-28,JeremyH67433698,TerryMeggins
2020-12-28,JeremyH67433698,terryca53306307
2020-12-28,JeremyH67433698,DJ58091041
2020-12-28,JeremyH67433698,the_blk_EMPRUH
2020-12-28,JeremyH67433698,_Ellie_Mae_
2020-12-28,JeremyH67433698,adriana_donati
2020-12-28,JeremyH67433698,TWITMO_INMATE
2020-12-28,JeremyH67433698,DebbieA43922131
2020-12-28,JeremyH67433698,CylantJustice
2020-12-28,JeremyH67433698,BetteanneC
2020-12-28,JeremyH67433698,NamvetSurvivor
2020-12-28,JeremyH67433698,damien_shark
2020-12-28,JeremyH67433698,sjorolan
2020-12-28,JeremyH67433698,SmartiPants83
2020-12-28,JeremyH67433698,DudaPhillis
2020-12-28,JeremyH67433698,ElizabethofSco1
2020-12-28,JeremyH67433698,gonv_survival
2020-12-28,JeremyH67433698,TamaraJ54122333
2020-12-28,JeremyH67433698,PhilZantos
2020-12-28,JeremyH67433698,slavewar
2020-12-28,JeremyH67433698,dmills3710
2020-12-28,JeremyH67433698,TerranceKozak
2020-12-28,JeremyH67433698,Bluepopcorn8
2020-12-28,JeremyH67433698,Cordicon
2020-12-28,JeremyH67433698,MagaGlam
2020-12-28,JeremyH67433698,TexasDeplorabl4
2020-12-28,JeremyH67433698,nxumalo_terence
2020-12-28,JeremyH67433698,1776AmericaUSA
2020-12-28,JeremyH67433698,MAGA_Len
2020-12-28,JeremyH67433698,heidi_weigand
2020-12-28,JeremyH67433698,JustLis71565329
2020-12-28,JeremyH67433698,HH_kathy
2020-12-28,elardo_robert,thomaskaine5
2020-12-28,JusagiChan,starson777
2020-12-28,JMVoid,mbrennanchina
2020-12-28,williamdw40,shawnwenzel
2020-12-28,williamdw40,LynAldenContact
2020-12-28,maxydeartino,mbell58
2020-12-28,maxydeartino,GoldTelegraph_
2020-12-28,ofarrietty,vminkookfairies
2020-12-28,defi_danny,TR401
2020-12-28,defi_danny,OriginalTuna
2020-12-28,defi_danny,berkeleyeconrev
2020-12-28,Thomas2Stacey,ageez25
2020-12-28,Thomas2Stacey,RealCarlVernon
2020-12-28,PiODrouin,PierrePoilievre
2020-12-28,ant27248938,LBC
2020-12-28,ant27248938,MaajidNawaz
2020-12-26,GalaxyDigital11,freebitco
2020-12-25,GalaxyDigital11,kucoincom
2020-12-25,GalaxyDigital11,cmf202020
2020-12-25,GalaxyDigital11,MrCryptOz3000
2020-12-25,GalaxyDigital11,TyreeseHalls
2020-12-25,GalaxyDigital11,SportsSuperTips
2020-12-25,GalaxyDigital11,CrptHumster
2020-12-28,GalaxyDigital11,Giveaway_Contst
2020-12-28,GalaxyDigital11,WazirXIndia
2020-12-28,GalaxyDigital11,SwingbyProtocol
2020-12-25,GalaxyDigital11,TheDeFiList
2020-12-25,GalaxyDigital11,AirdropsBoY
2020-12-25,GalaxyDigital11,cctip_io
2020-12-28,agentofuser,gooddollarorg
2020-12-28,agentofuser,VoiceHQ
2020-12-28,TraderFatima,binance
2020-12-28,shantilaya,orfonline
2020-12-28,DenisTomassi,elonmusk
2020-12-28,cryptocoin0,binance
2020-12-28,AlexYablon,ddayen
2020-12-28,vachibai,slythawin
2020-12-28,JulianaR_N_,Karinaaaa_G
2020-12-28,ChanCha59059770,JYPETWICE
2020-12-28,shahidmikhael,mimiIAMnow
2020-12-28,shahidmikhael,XKeyscore1
2020-12-28,bryan_eny,QuidaxAfrica
2020-12-28,clawsy1,mtmalinen
2020-12-28,apnlover,GillsaInt
2020-12-28,Moonblast78,Bitboy_Crypto
2020-12-28,Moonblast78,TheCryptoLark
2020-12-28,Lucio_freni,growthyield
2020-12-28,Lucio_freni,leadlagreport
2020-12-28,JusticeYemen21,LeungYuKi5
2020-12-28,JusticeYemen21,zerohedge
2020-12-28,JusticeYemen21,ahameedrahman
2020-12-28,JusticeYemen21,zerohedge
2020-12-28,OpLoveJustin,vanillauys
2020-12-28,OpLoveJustin,AmoreLoveAmor
2020-12-28,OpLoveJustin,TwitterSupport
2020-12-28,OpLoveJustin,Twitter
2020-12-28,WholePicture_,chigrl
2020-12-28,WholePicture_,chigrl
2020-12-28,WholePicture_,japantimes
2020-12-28,WholePicture_,chigrl
2020-12-28,WholePicture_,chigrl
2020-12-28,valeantadvisors,Melt_Dem
2020-12-28,valeantadvisors,Rewkang
2020-12-28,valeantadvisors,CIFerdinand
2020-12-28,valeantadvisors,IvanOnTech
2020-12-28,plb212,FLGatorTrader
2020-12-28,Pierre_Precieux,missgabito
2020-12-28,Bl0ckchain,zerohedge
2020-12-28,DubemAnthony,IvanOnTech
2020-12-28,pepat109,showupkaneyan
2020-12-28,pepat109,nameNamelow
2020-12-28,haydentiff,crasl7
2020-12-28,haydentiff,JoelKatz
2020-12-28,haydentiff,RunningLow
2020-12-28,haydentiff,Dizer_YM
2020-12-28,haydentiff,CryptOH10
2020-12-28,haydentiff,noobudee
2020-12-28,haydentiff,Hopiumhater
2020-12-28,haydentiff,xrpjack718
2020-12-28,haydentiff,jchervinsky
2020-12-28,haydentiff,realryanpurdy
2020-12-28,haydentiff,nbougalis
2020-12-28,collam1020,business
2020-12-28,collam1020,markets
2020-12-28,collam1020,carolmassar
2020-12-28,collam1020,mattmiller1973
2020-12-28,weltergod,Terimizm7
2020-12-28,missgabito,Pierre_Precieux
2020-12-28,ilyicedtea_,BOREOSKATA
2020-12-28,brianhhawthorne,klafbang
2020-12-28,brianhhawthorne,davidgerard
2020-12-28,brianhhawthorne,janrothen
2020-12-28,brianhhawthorne,MartinCWWalker
2020-12-28,a_watyula,sajjjjjjjjjjjj
2020-12-28,dojicandlestick,bankofcanada
2020-12-28,anarchotaoist,LukeGromen
2020-12-28,anarchotaoist,zndtoshi
2020-12-28,anarchotaoist,RichardHastie
2020-12-28,anarchotaoist,btcbraj
2020-12-28,anarchotaoist,BaldBitcoin
2020-12-28,arenhartthaais,_douglasss_
2020-12-28,arenhartthaais,arenhartthaais
2020-12-28,x3VufGsUd0cpiAK,FortniteJP
2020-12-28,Zepwich,Sobzob
2020-12-28,MakeSence_or_no,XHNews
2020-12-28,jrockpena,BabaCugs
2020-12-28,CryptoKingMake2,Reuters
2020-12-28,CryptoKingMake2,Breakingviews
2020-12-28,CryptoKingMake2,petesweeneypro
2020-12-28,RainbowayChaser,SeibtNaomi
2020-12-28,CoinpediaNews,danheld
2020-12-28,tiwariankur16,imNehaji
2020-12-28,PropineGlobal,Tanzeel_Akhtar
2020-12-28,PropineGlobal,CoinDesk
2020-12-28,stauffelbaker,mikezha81918937
2020-12-28,stauffelbaker,SEC_News
2020-12-28,stauffelbaker,Ripple
2020-12-28,DigitalQueenn,vbankng
2020-12-28,btccyberhornet,GoldTelegraph_
2020-12-28,MarquisDeMarche,Narxism
2020-12-28,KerbyTsxventure,zerohedge
2020-12-27,hatsunama,Pie_Museum
2020-12-27,hatsunama,pie_how
2020-12-27,hatsunama,pie_try_ka
2020-12-27,hatsunama,pie_says_no
2020-12-28,CryptoEwingJR,JTheretohelp1
2020-12-27,SmindCrypto,Alphonsobwjr
2020-12-27,SmindCrypto,Alphonsobwjr
2020-12-27,SmindCrypto,RyanSAdams
2020-12-27,gman31881,Solutiontime3
2020-12-27,gman31881,michael_saylor
2020-12-28,wz2013,EelectricM
2020-12-28,wz2013,CashRocket
2020-12-27,MALTVEGAS,RobbyRav
2020-12-27,JerrBearr,ChrChristensen
2020-12-27,ejonestrader,TraderBJones
2020-12-28,PINSrvr,khughbreslin
2020-12-28,PINSrvr,xrp_mami
2020-12-28,shawnlconnelly,BitcoinB0y
2020-12-28,shawnlconnelly,2020Xrp
2020-12-27,jmcgin1,mcuban
2020-12-27,F1_Fan_30years,SideKic76336704
2020-12-27,F1_Fan_30years,cryptoWZRD_
2020-12-27,ThePipe58922469,maxkeiser
2020-12-27,ThePipe58922469,bankofengland
2020-12-27,ThePipe58922469,federalreserve
2020-12-28,TacTiCOrc,zerohedge
2020-12-28,exoliminal,MZietzke
2020-12-28,exoliminal,TK_Coleman
2020-12-28,exoliminal,isaacmorehouse
2020-12-28,exoliminal,kurtwuckertjr
2020-12-28,papiwoody,Dxron2
2020-12-28,ResetTime28,InvResDynamics
2020-12-27,Col_Progresista,DanielRuge
2020-12-27,firehilaryrosen,Mattielisbon
2020-12-27,firehilaryrosen,VictoriaLBruce
2020-12-27,BAmirmojahed,cz_binance
2020-12-27,BAmirmojahed,AryacoinAYA
2020-12-27,BAmirmojahed,binance
2020-12-27,BAmirmojahed,AryacoinAYA
2020-12-27,BAmirmojahed,cz_binance
2020-12-27,BAmirmojahed,AryacoinAYA
2020-12-27,BAmirmojahed,cz_binance
2020-12-27,BAmirmojahed,AryacoinAYA
2020-12-27,BAmirmojahed,cz_binance
2020-12-27,BAmirmojahed,AryacoinAYA
2020-12-27,BAmirmojahed,TheCryptoLark
2020-12-27,BAmirmojahed,AryacoinAYA
2020-12-27,BAmirmojahed,aantonop
2020-12-27,BAmirmojahed,AryacoinAYA
2020-12-27,BAmirmojahed,IvanOnTech
2020-12-27,BAmirmojahed,AryacoinAYA
2020-12-28,MadeInvestor,GoldTelegraph_
2020-12-25,RatesZero,LukeJohnsonRCP
2020-12-28,RatesZero,GoldTelegraph_
2020-12-27,MrBrianHinton,zoink
2020-12-27,dougywolfe,htsfhickey
2020-12-27,dougywolfe,DTAPCAP
2020-12-27,dougywolfe,saifedean
2020-12-27,dougywolfe,aantonop
2020-12-27,dougywolfe,skwp
2020-12-28,Minik5K,Caseforsilver
2020-12-28,pablomelito1,PaulGambles2
2020-12-28,pablomelito1,ParikPatelCFA
2020-12-27,dls00741,Speech1A
2020-12-27,____imteejay,PatrickMahomes
2020-12-27,daveegan,AndrewSweet
2020-12-27,soclose2me,htsfhickey
2020-12-27,soclose2me,DTAPCAP
2020-12-27,soclose2me,saifedean
2020-12-27,soclose2me,aantonop
2020-12-27,soclose2me,skwp
2020-12-27,soclose2me,ttmygh
2020-12-27,soclose2me,fleckcap
2020-12-28,Davidre21661635,GoldTelegraph_
2020-12-27,detector_tweet,xrp_mami
2020-12-27,detector_tweet,PwrUp2020
2020-12-27,HuseynKavak38,gunebakanderler
2020-12-27,jshaver61,67Dodge
2020-12-27,jshaver61,Nouriel
2020-12-27,SpEverything,SuitMaddaux
2020-12-27,nasssnr81,DanBurkholder1
2020-12-27,nasssnr81,BlockchainXL
2020-12-27,nasssnr81,TheRealTahinis
2020-12-27,nasssnr81,PeterSchiff
2020-12-27,ageez25,PhilTay84554482
2020-12-27,ageez25,MENnewsdesk
2020-12-27,Lo_Kenna,Muhorolewi
2020-12-27,BobGrayson15,Keubiko
2020-12-27,mjeinvestment,GoldTelegraph_
2020-12-27,seoearner,davvydmoore
2020-12-27,seoearner,davvydmoore
2020-12-27,seoearner,bandanaboy_
2020-12-27,rossman4040,James78141017
2020-12-27,bramwellcrypto,SEC_News
2020-12-27,Durango96380362,russianjewess
2020-12-27,Durango96380362,AntisemitismEye
2020-12-27,Durango96380362,Intersymbol
2020-12-27,Durango96380362,MriaHajzer
2020-12-27,Durango96380362,bronson69
2020-12-27,Durango96380362,LenGrunstein
2020-12-27,Durango96380362,JUBILEE_7DOUBLE
2020-12-27,Durango96380362,Bengegenislam
2020-12-27,Durango96380362,adil_ansari64
2020-12-27,Durango96380362,Roni4488
2020-12-27,Durango96380362,wolfgs2
2020-12-27,Durango96380362,Benhur_Gill
2020-12-27,Durango96380362,AfD
2020-12-27,Durango96380362,Beatrix_vStorch
2020-12-27,AdviserCounsel,Interaxis8
2020-12-27,AdviserCounsel,cjking711
2020-12-27,AdviserCounsel,JarrottHeath
2020-12-27,AdviserCounsel,GrnBulls
2020-12-27,AdviserCounsel,TR401
2020-12-27,AdviserCounsel,CaitlinLong_
2020-12-27,Rimshaijaz20,PiCoreTeam
2020-12-27,xrpthefuture,jesse_hynes
2020-12-27,Vordox1,NetworksManager
2020-12-27,WenkhosiD,koffiesak1
2020-12-27,WenkhosiD,PowerON_SA
2020-12-27,byrdjime,Indacoin
2020-12-27,byrdjime,BithumbGlobal
2020-12-27,byrdjime,IBTimes
2020-12-27,__Average_Joe__,MarkParalovos
2020-12-27,SMJahangirDogar,ImranKhanPTI
2020-12-27,SMJahangirDogar,ArifAlvi
2020-12-27,LyndelleStonick,GlobalProTrader
2020-12-27,Skull_Crypto7,davidgokhshtein
2020-12-27,Skull_Crypto7,CryptoFinally
2020-12-27,RickyNgan,jae1kae
2020-12-27,Stan69099246,UN
2020-12-27,EmporiumCeo,capital_sb
2020-12-27,EmporiumCeo,ballarina_
2020-12-27,EmporiumCeo,capital_sb
2020-12-27,CapTweed,DeVore
2020-12-27,CapTweed,David3364176865
2020-12-27,CapTweed,thejournal_ie
2020-12-27,dgleason650,hodlingcucumber
2020-12-27,dgleason650,JackPosobiec
2020-12-27,alie_shi,SmartCryptoNew1
2020-12-27,alie_shi,instar
2020-12-27,thebaldbeavers,Spin_Assassin
2020-12-27,avi_avi_nash,sumedhbhagwat
2020-12-27,avi_avi_nash,dixarth
2020-12-27,avi_avi_nash,nto1927
2020-12-27,avi_avi_nash,ReliableWatch
2020-12-27,ActualMinuteman,BaylorLandry
2020-12-27,TheHappyHodler,2020Xrp
2020-12-27,kuririn_0414,barusu_scarlet
2020-12-27,HeliumSte,itsyaboymattyg
2020-12-27,HeliumSte,KEEMSTAR
2020-12-27,MOA_txt,TXT_members
2020-12-27,kochit070,News1Lead
2020-12-27,kochit070,SmartCryptoNew1
2020-12-27,kochit070,wirexapp
2020-12-27,kochit070,Visa
2020-12-27,PZychedelic,martinoflo
2020-12-27,RealParisLover,realDonaldTrump
2020-12-26,ReportPhuket,LPerrins
2020-12-27,ReportPhuket,yazbashar
2020-12-27,ReportPhuket,Patriotic_Storm
2020-12-27,kvrtaric,AwakenedOutlaw
2020-12-27,kvrtaric,realDonaldTrump
2020-12-27,AxelSavage4,GuardDo54627481
2020-12-27,AxelSavage4,truthseeker6761
2020-12-27,LouisAdimando,naval
2020-12-27,Waakzaam,rocha_earl
2020-12-27,Waakzaam,realDonaldTrump
2020-12-27,ohocrow,hdtdydn
2020-12-27,King_mali51,real_vijay
2020-12-27,WeiLiang_7,coinhako
2020-12-26,ARevonnie,cryptosfaucets
2020-12-26,ARevonnie,CointiplyFaucet
2020-12-27,ARevonnie,cryptosfaucets
2020-12-27,ARevonnie,BCGameOfficial
2020-12-27,ARevonnie,cctip_io
2020-12-26,ARevonnie,cryptosfaucets
2020-12-27,ZecSnyder,oreonobake
2020-12-27,ZecSnyder,Jay_D007
2020-12-27,Kumowizard,Steen_Jakobsen
2020-12-27,Kumowizard,YouTube
2020-12-27,Dshowerman1,Earthlin18
2020-12-27,Dshowerman1,us_all5
2020-12-27,Dshowerman1,WhipLash347
2020-12-27,ardent_investor,Pietje68321427
2020-12-27,ardent_investor,ryanmoorman3
2020-12-27,ardent_investor,7x2fB
2020-12-27,ardent_investor,PeterSchiff
2020-12-27,ardent_investor,ZackG1982
2020-12-27,Run_2play,CryptoCoinINFO
2020-12-27,Run_2play,heavilyarmedc
2020-12-27,Run_2play,notsofast
2020-12-27,MostaPi,lala_sodiq
2020-12-27,MostaPi,spectatorindex
2020-12-27,garypandersen,KFILE
2020-12-27,paizebeok,FinPlanKaluAja1
2020-12-27,EdejerAlyssa,SmartCryptoNew1
2020-12-27,eddiejRobo,NealOKelly
2020-12-27,eddiejRobo,Paco60399980
2020-12-27,eddiejRobo,MichaelYeadon3
2020-12-27,madspeak,naval
2020-12-27,us_all5,Earthlin18
2020-12-27,us_all5,WhipLash347
2020-12-27,AbdulRaufBalo18,PiNetworkNews
2020-12-27,Mutumba_PC,jordanmafumbo
2020-12-27,TTOTC1,raantonelli
2020-12-27,TTOTC1,kieranmlkelly
2020-12-27,TTOTC1,Ripple
2020-12-27,SWBaskett,Styx666Official
2020-12-27,Bl4keVaughn,JeffLee2020
2020-12-27,Bl4keVaughn,catoletters
2020-12-27,Bl4keVaughn,DollarVigilante
2020-12-27,Bl4keVaughn,InvResDynamics
2020-12-27,Bl4keVaughn,BerwickJeff
2020-12-27,Bl4keVaughn,mercenarygeo
2020-12-27,HeesTimo,Neloangelo314
2020-12-27,dskraib01,LombeLuke
2020-12-27,dskraib01,allianceblock
2020-12-27,dskraib01,LandonJohn14
2020-12-27,FreedTraveler,sisu_sanity
2020-12-27,65_pastek,davidde87284971
2020-12-27,65_pastek,garyblack00
2020-12-27,IndyBanking,scotgp
2020-12-27,jkosumo62,kharaguchi
2020-12-27,JensChristiansn,ajphelo
2020-12-27,JensChristiansn,SayNoToSino
2020-12-27,AzizHayat,AnwaarAlMahmeed
2020-12-27,barany_peter,chigrl
2020-12-27,DawsonTu3,anthony113742
2020-12-27,DawsonTu3,GregCrennan
2020-12-27,DawsonTu3,RetirementRight
2020-12-27,BitcoinAlBundy,wisewizzz
2020-12-27,BitcoinAlBundy,SallyMayweather
2020-12-27,BitcoinAlBundy,stephanlivera
2020-12-27,BitcoinAlBundy,vakeraj
2020-12-27,Knuckle30568342,HighImpactFlix
2020-12-26,Magic2Matisse,PeterSchiff
2020-12-26,Magic2Matisse,ericleonardoo
2020-12-26,MeadowsweetDwe1,LeeHurstComic
2020-12-26,bofallo1,Dehkunle
2020-12-26,bofallo1,PennyNavarra
2020-12-26,bofallo1,PennyNavarra
2020-12-27,0d3v1l,Aella_Girl
2020-12-26,Real_Futurist,RandyVegetables
2020-12-26,Real_Futurist,JosephVVallace
2020-12-27,RealTalkforYah,BlessedbyTMH
2020-12-27,RealTalkforYah,yah_servant
2020-12-26,RossPotter13,SallyMayweather
2020-12-27,RMyers717,chainlinkchris
2020-12-27,RMyers717,bullishgentlemn
2020-12-26,pickawpic,SmartCryptoNew1
2020-12-26,pickawpic,instar
2020-12-26,BagleyDevon,nlewis1111
2020-12-26,BagleyDevon,AndrewYang
2020-12-26,Michael45017906,MaxxPow74492613
2020-12-26,Michael45017906,QScarecrow
2020-12-26,Michael45017906,DeniseInCanada
2020-12-26,Michael45017906,MaxxPow74492613
2020-12-26,Michael45017906,DeniseInCanada
2020-12-27,TroyLeeStose,danspena
2020-12-27,BaystreetBrian,connectwithAB
2020-12-26,sonnyleyba,Jackboyonthelo1
2020-12-27,PsychoBunny777,AltumLand
2020-12-27,PsychoBunny777,PeterSchiff
2020-12-26,sktfilm,SimonDixonTwitt
2020-12-27,LibyanCossack,globaltimesnews
2020-12-27,the_bitcoin_bum,popeofbitcoin
2020-12-27,the_bitcoin_bum,Breedlove22
2020-12-27,HereBeforeTheAC,HighImpactFlix
2020-12-26,Cesarse79786206,PeterSchiff
2020-12-26,Cesarse79786206,ZackG1982
2020-12-27,stevenhead211,chigrl
2020-12-26,itsmwittenberg,cryptocees
2020-12-26,itsmwittenberg,DGB_Foundation
2020-12-26,Don_Ahrens,BakkupBradley
2020-12-27,FilipinoElnMusk,GrocerGustav
2020-12-27,FilipinoElnMusk,JackPosobiec
2020-12-27,StAlpha1907,MacroVoices
2020-12-27,StAlpha1907,ErikSTownsend
2020-12-27,StAlpha1907,PatrickCeresna
2020-12-27,StAlpha1907,RonStoeferle
2020-12-27,StAlpha1907,ttmygh
2020-12-27,Eric925811,GoldTelegraph_
2020-12-26,erenfont,trajaza
2020-12-27,crislsutton,JackPosobiec
2020-12-27,KarlROffensive,JackPosobiec
2020-12-26,Moonlight_the,cherfaire3
2020-12-26,Moonlight_the,MagniNano
2020-12-26,Moonlight_the,realDonaldTrump
2020-12-26,cUnAuRevoir,therorymurray
2020-12-26,cUnAuRevoir,Shybiker1234
2020-12-26,cUnAuRevoir,ihatecodee
2020-12-27,keithlaw32,LCTempleton
2020-12-26,joaquinaaa,nocontxt99
2020-12-26,Padam460817321,CKnowledgenepal
2020-12-26,Padam460817321,cyberhornet21
2020-12-26,Padam460817321,brb1954
2020-12-26,SumanB2727,tsknray
2020-12-26,SumanB2727,yarlagaddavrao
2020-12-26,SumanB2727,DexterousRd
2020-12-26,Boredbutfunny,pat22935189
2020-12-26,Boredbutfunny,XRP_stuart
2020-12-26,Boredbutfunny,XrpYoda
2020-12-26,Comte_dUrgell,erikwill
2020-12-26,OliverBrowne16,rhwwarren
2020-12-26,OliverBrowne16,Reuters
2020-12-26,Wol7es,Aella_Girl
2020-12-26,WqiznoW5y1AwLTb,DCLjasonx
2020-12-26,WqiznoW5y1AwLTb,Cent
2020-12-26,WqiznoW5y1AwLTb,ensdomains
2020-12-26,bendrush,levelsio
2020-12-26,ash6sololos,poemforbangtan
2020-12-26,168cap,omg_keynes
2020-12-26,saif_ismail_,30yearsofslaves
2020-12-26,trevor_kreis,factchekka
2020-12-26,trevor_kreis,MrKRudd
2020-12-26,sppoker7,ZeBitcoin
2020-12-26,sppoker7,Breedlove22
2020-12-26,lfxs1212,anonyx10
2020-12-26,GondorCapital,chigrl
2020-12-26,EmelynCastro8,DexDigest
2020-12-26,EmelynCastro8,Bitstamp
2020-12-26,EmelynCastro8,Bitstamp
2020-12-26,The__Bruce,AlexDelarge6553
2020-12-26,DRDRPZ,TimesOrwellian
2020-12-26,DRDRPZ,roccogalatilaw
2020-12-26,DRDRPZ,canukcookie
2020-12-26,Cryptonomatron,jbrukh
2020-12-26,hhm1088,JorgeIvanOspina
2020-12-26,alhaajre_,alhajrilawyer
2020-12-26,LassuytChristop,nivelminusunu
2020-12-26,LassuytChristop,coinbase
2020-12-26,LassuytChristop,PayPal
2020-12-26,LassuytChristop,RequestNetwork
2020-12-26,talisman_terry,chigrl
2020-12-26,sakak_musdom,harris_irfan
2020-12-26,sakak_musdom,SafdarAlam
2020-12-26,iamchrisarter,DapperDSi
2020-12-26,XrpMonk,foodguidetel
2020-12-26,XrpMonk,webnowcompany
2020-12-26,XrpMonk,foodguidetel
2020-12-26,XrpMonk,webnowcompany
2020-12-26,CABellam1,IamPriyaManu
2020-12-26,Wu_Wei02,overit_miss
2020-12-26,BenicoDel,antonhz
2020-12-26,BenicoDel,CoinDesk
2020-12-26,BenicoDel,realDannyNelson
2020-12-26,blip_pip,MattHaneySF
2020-12-26,blip_pip,scottsantens
2020-12-26,Georgakos,Penforjustice
2020-12-26,SaeedBlue8,BtcUnicorn1
2020-12-26,iamnessy_TMB,davido
2020-12-26,gilen55,Smartrick_Picks
2020-12-26,Philly852,TEACHES_STEM
2020-12-26,Cnabehnam,AtomicWallet
2020-12-26,Cnabehnam,AtomicWallet
2020-12-26,_whatzmyname,GoldTelegraph_
2020-12-26,VeganMarine_,LBF777
2020-12-26,VeganMarine_,FearDept
2020-12-26,abrefa_joseph,binance
2020-12-26,Policarpa2020,AlvaroUribeVel
2020-12-26,SumeetChawla,moath_me
2020-12-26,SumeetChawla,ShadinAhamed5
2020-12-26,SumeetChawla,dmuthuk
2020-12-26,DORYXRP,NischalShetty
2020-12-26,DORYXRP,ColinMiles
2020-12-26,RichRogers_,PeterSchiff
2020-12-26,Richard31518380,VieCrypto
2020-12-26,Richard31518380,GregMannarino
2020-12-25,ScottSi32080182,Cryptonaut_01
2020-12-25,ScottSi32080182,Ripple
2020-12-25,3ld43dh3l,FinanceLancelot
2020-12-25,3ld43dh3l,skywalker_2k
2020-12-25,3ld43dh3l,ccrpobl
2020-12-26,day43og,lexfridman
2020-12-26,day43og,bengoertzel
2020-12-26,day43og,RichardHeartWin
2020-12-25,azmeer_khowaja,iSayamAsjad
2020-12-25,sheepotaur,2B7C89526
2020-12-25,rahibaka84,CryptoBoomNews
2020-12-25,rahibaka84,MyIdentityCoin
2020-12-25,rahibaka84,markets
2020-12-25,Onimisi59,BhadmusAkeem
2020-12-25,Onimisi59,glitzy_cynthia
2020-12-25,Onimisi59,instablog9ja
2020-12-25,Onimisi59,TimelineCR7
2020-12-25,Onimisi59,moneydeyfindme
2020-12-25,andydhollander,DefiDiogenesYFI
2020-12-25,andydhollander,scottmelker
2020-12-25,DLBcanada,SkyNewsBreak
2020-12-25,rizwanssyed,AyeeeshB
2020-12-25,mxonbin,yookipics
2020-12-25,mxonbin,OfficialMonstaX
2020-12-25,DankAnarchy,coinbase
2020-12-25,politicalital,TiceRichard
2020-12-25,chey__says,ethereum
2020-12-25,chey__says,Ripple
2020-12-25,chey__says,Bitcoin
2020-12-25,BabbleOnYT,Goddess0fKek
2020-12-25,itsNeski,secp256k1_
2020-12-25,itsNeski,KingZachariah
2020-12-25,itsNeski,Nouriel
2020-12-25,roytotten,chigrl
2020-12-25,roytotten,GeorgeGammon
2020-12-25,melisandrePro,NakedHedgie
2020-12-25,ValVenisEnt,coinbase
2020-12-25,XRPS0L0,Hopiumhater
2020-12-25,XRPS0L0,jungleincxrp
2020-12-25,yashrajx,kunalb11
2020-12-25,yashrajx,CRED_club
2020-12-25,MrUnive98652684,zytarahq
2020-12-25,MrUnive98652684,DigitalBitsOrg
2020-12-25,ekierklo,GeorgeGammon
2020-12-25,ekierklo,YouTube
2020-12-25,amirarsallann1,BitcoinMagazine
2020-12-25,amirarsallann1,APompliano
2020-12-25,amirarsallann1,Bitcoin
2020-12-25,AsnaniBhavya,superman1_13
2020-12-25,AsnaniBhavya,TheMoonCarl
2020-12-25,AsnaniBhavya,elonmusk
2020-12-25,gilxhernandez,N_Sportelli
2020-12-25,alex1993101,AtomicWallet
2020-12-25,sedaliafarmer,gbponz
2020-12-25,sedaliafarmer,chigrl
2020-12-25,sedaliafarmer,nglinsman
2020-12-25,DigitalHorsist,bingewatchingme
2020-12-25,DigitalHorsist,Rtonkins74
2020-12-25,DigitalHorsist,chillywillers
2020-12-25,MarkIAtkinson3,GeorgePapa19
2020-12-25,Wichard24576tic,Unplug707
2020-12-25,Wichard24576tic,CPTNGermany
2020-12-25,Wichard24576tic,Kabamur_Taygeta
2020-12-25,CanadianMud,BUSHINDIA
2020-12-25,CanadianMud,im_saiganesh
2020-12-25,Stormsedge7,dougboneparth
2020-12-25,aravind1996cbe,bitdroplet
2020-12-25,FloridaManV2,GuntherPieters_
2020-12-25,FloridaManV2,HenryHill2
2020-12-25,FloridaManV2,juliewa28905313
2020-12-25,FloridaManV2,dggabber
2020-12-25,FloridaManV2,PeterSchiff
2020-12-25,RobinNico00,coinkit_
2020-12-25,SukaSuka81,coinkit_
2020-12-25,AJNovaScotia,talkRADIO
2020-12-25,AJNovaScotia,BorisJohnson
2020-12-25,AJNovaScotia,thejamesmax
2020-12-25,CnnmnSchnpps,ajtourville
2020-12-25,CnnmnSchnpps,lexfridman
2020-12-25,nitantbhartia,APompliano
2020-12-25,StevesRawMind,Jbram34
2020-12-25,StevesRawMind,KeithOlbermann
2020-12-25,WithTesla,elonmusk
